corridor,day,avg_congestion_index,max_congestion_index,total_emission_kg,pct_stretches_congested,total_daily_vehicles,peak_hour_vehicles,avg_trip_duration_min,transport_cost_burden_pct,pct_private_car,pct_moto_taxi,pct_minibus,is_weekend,day_encoded,corridor_encoded,label_congested
Mbankomo,Sunday,0.4451707184448422,0.47005622775011374,0.12066694973115198,0.888888888888889,0.0,0.0,1.0,1.0,0.39730134932533745,0.0,0.0,1,6,2,1
Mfou,Sunday,0.5422019318636669,1.0,0.27849142406516864,0.9523333333333334,0.049421661409043124,0.05376344086021506,0.0,0.0,1.0000000000000002,0.1278437190900099,0.9999999999999999,1,6,1,1
Soa,Sunday,0.9999999999999999,0.7342379309962404,0.9999999999999999,1.0,0.08727655099894847,0.04838709677419356,0.04441913439635492,0.8621553884711783,0.0,1.0,0.5638135851355468,1,6,0,1
